{"cameraMode":{"drawMode":0,"name":"Shaded","section":"Shading Mode"},"sceneLighting":true,"audioPlay":false,"sceneViewState":{"showFog":true,"showMaterialUpdate":true,"showSkybox":true,"showFlares":true,"showImageEffects":true,"showParticleSystems":true},"in2DMode":false,"pivot":{"x":-1190.717529296875,"y":-489.2691650390625,"z":59.86506271362305},"rotation":{"x":0.16412197053432465,"y":-0.666096568107605,"z":0.15372174978256226,"w":0.7111603617668152},"size":1389.8411865234375,"orthographic":false}