{"cameraMode":{"drawMode":0,"name":"Shaded","section":"Shading Mode"},"sceneLighting":true,"audioPlay":false,"sceneViewState":{"showFog":true,"showMaterialUpdate":false,"showSkybox":true,"showFlares":true,"showImageEffects":true,"showParticleSystems":true},"in2DMode":false,"pivot":{"x":435.0423583984375,"y":139.9233856201172,"z":-238.85906982421876},"rotation":{"x":-0.12953224778175355,"y":0.49607300758361819,"z":-0.07513096183538437,"w":-0.8552709221839905},"size":554.4671630859375,"orthographic":false}