{"cameraMode":{"drawMode":0,"name":"Shaded","section":"Shading Mode"},"sceneLighting":true,"audioPlay":false,"sceneViewState":{"showFog":true,"showMaterialUpdate":true,"showSkybox":true,"showFlares":true,"showImageEffects":true,"showParticleSystems":true},"in2DMode":false,"pivot":{"x":139.19163513183595,"y":285.9314880371094,"z":-638.7450561523438},"rotation":{"x":0.0002035645884461701,"y":-0.9997707009315491,"z":0.01830720715224743,"w":0.011104660108685494},"size":1114.1639404296875,"orthographic":false}