{"cameraMode":{"drawMode":0,"name":"Shaded","section":"Shading Mode"},"sceneLighting":true,"audioPlay":false,"sceneViewState":{"showFog":true,"showMaterialUpdate":true,"showSkybox":true,"showFlares":true,"showImageEffects":true,"showParticleSystems":true},"in2DMode":false,"pivot":{"x":-82.7016830444336,"y":135.9958038330078,"z":-4.772102355957031},"rotation":{"x":-0.09044500440359116,"y":0.04620394855737686,"z":-0.03777851164340973,"w":-0.9941115379333496},"size":559.6888427734375,"orthographic":false}