{"cameraMode":{"drawMode":0,"name":"Shaded","section":"Shading Mode"},"sceneLighting":true,"audioPlay":false,"sceneViewState":{"showFog":true,"showMaterialUpdate":false,"showSkybox":true,"showFlares":true,"showImageEffects":true,"showParticleSystems":true},"in2DMode":false,"pivot":{"x":269.8670349121094,"y":370.37847900390627,"z":-12.950926780700684},"rotation":{"x":0.0023596850223839285,"y":0.9914851188659668,"z":-0.12892787158489228,"w":0.018148165196180345},"size":668.3438720703125,"orthographic":false}