{"cameraMode":{"drawMode":0,"name":"Shaded","section":"Shading Mode"},"sceneLighting":true,"audioPlay":false,"sceneViewState":{"showFog":true,"showMaterialUpdate":true,"showSkybox":true,"showFlares":true,"showImageEffects":true,"showParticleSystems":true},"in2DMode":false,"pivot":{"x":79.27589416503906,"y":551.6910400390625,"z":0.0},"rotation":{"x":0.0005271687405183911,"y":-0.999472975730896,"z":0.022801410406827928,"w":0.023098202422261239},"size":653.9347534179688,"orthographic":false}